<?xml version="1.0" encoding="UTF-8"?>
<project-private xmlns="http://www.netbeans.org/ns/project-private/1">
    <editor-bookmarks xmlns="http://www.netbeans.org/ns/editor-bookmarks/2" lastBookmarkId="0"/>
    <open-files xmlns="http://www.netbeans.org/ns/projectui-open-files/2">
        <group>
            <file>file:/C:/Users/Dalia/Documents/NetBeansProjects/Shopping/src/java/connections/DBHandler.java</file>
            <file>file:/C:/Users/Dalia/Documents/NetBeansProjects/Shopping/web/checkout.jsp</file>
            <file>file:/C:/Users/Dalia/Documents/NetBeansProjects/Shopping/src/java/servlets/Register.java</file>
            <file>file:/C:/Users/Dalia/Documents/NetBeansProjects/Shopping/web/editProfile.jsp</file>
            <file>file:/C:/Users/Dalia/Documents/NetBeansProjects/Shopping/src/java/connections/DBController.java</file>
            <file>file:/C:/Users/Dalia/Documents/NetBeansProjects/Shopping/web/userOrders.jsp</file>
            <file>file:/C:/Users/Dalia/Documents/NetBeansProjects/Shopping/src/java/servlets/CheckOut.java</file>
            <file>file:/C:/Users/Dalia/Documents/NetBeansProjects/Shopping/src/java/servlets/PlaceOrder.java</file>
            <file>file:/C:/Users/Dalia/Documents/NetBeansProjects/Shopping/src/java/servlets/AddingToCart.java</file>
            <file>file:/C:/Users/Dalia/Documents/NetBeansProjects/Shopping/web/header.jsp</file>
            <file>file:/C:/Users/Dalia/Documents/NetBeansProjects/Shopping/web/productDescription.jsp</file>
            <file>file:/C:/Users/Dalia/Documents/NetBeansProjects/Shopping/web/register.jsp</file>
        </group>
    </open-files>
</project-private>
